<?xml version="1.0" encoding="UTF-8" standalone="yes"?>
<procurementBean id="7" submitted="2018-11-26-05:00">
    <name>our name</name>
    <items number="1409S250">
        <name>G8 Praline Ice Cream</name>
        <price>5.06</price>
        <quantity>1</quantity>
        <extended>5.06</extended>
    </items>
    <items number="2002H063">
        <name>Semi-Cheddar Cheese by JC</name>
        <price>4.26</price>
        <quantity>2</quantity>
        <extended>8.52</extended>
    </items>
    <items number="2002H230">
        <name>Semi-Swiss Cheese by RI</name>
        <price>5.43</price>
        <quantity>4</quantity>
        <extended>21.72</extended>
    </items>
    <items number="2910h129">
        <name>D4 Almond Cereal</name>
        <price>2.89</price>
        <quantity>2</quantity>
        <extended>5.78</extended>
    </items>
    <total>41.08</total>
    <HST>5.3404</HST>
    <grandTotal>46.4204</grandTotal>
</procurementBean>
