<?xml version="1.0" encoding="UTF-8" standalone="yes"?>
<procurementBean id="8" submitted="2018-11-26-05:00">
    <name>our name</name>
    <items number="0905A044">
        <name>Minced Rib Meat by VX</name>
        <price>6.49</price>
        <quantity>3</quantity>
        <extended>19.47</extended>
    </items>
    <items number="0905A306">
        <name>R3 Breast Meat</name>
        <price>6.72</price>
        <quantity>5</quantity>
        <extended>33.60</extended>
    </items>
    <items number="1409S381">
        <name>Brownie Ice Cream with Praline by MG</name>
        <price>7.39</price>
        <quantity>1</quantity>
        <extended>7.39</extended>
    </items>
    <items number="2002H838">
        <name>Semi-Provolone Cheese by IT</name>
        <price>4.41</price>
        <quantity>1</quantity>
        <extended>4.41</extended>
    </items>
    <items number="2910h734">
        <name>K5 Raisin Cereal</name>
        <price>1.42</price>
        <quantity>1</quantity>
        <extended>1.42</extended>
    </items>
    <items number="2910h785">
        <name>N4 Raisin Cereal</name>
        <price>3.98</price>
        <quantity>1</quantity>
        <extended>3.98</extended>
    </items>
    <total>70.27000000000001</total>
    <HST>9.135100000000001</HST>
    <grandTotal>79.4051</grandTotal>
</procurementBean>
