<?xml version="1.0" encoding="UTF-8" standalone="yes"?>
<procurementBean id="1" submitted="2018-11-26-05:00">
    <name>our name</name>
    <items number="0905A306">
        <name>R3 Breast Meat</name>
        <price>6.72</price>
        <quantity>4</quantity>
        <extended>26.88</extended>
    </items>
    <items number="1409S004">
        <name>Fudge Ice Cream with Strawberry by AV</name>
        <price>7.15</price>
        <quantity>3</quantity>
        <extended>21.45</extended>
    </items>
    <items number="1409S413">
        <name>K5 Praline Ice Cream</name>
        <price>6.44</price>
        <quantity>4</quantity>
        <extended>25.76</extended>
    </items>
    <items number="2002H123">
        <name>Provolone Cheese by RI</name>
        <price>3.84</price>
        <quantity>4</quantity>
        <extended>15.36</extended>
    </items>
    <items number="2910h019">
        <name>L6 Fruits Cereal</name>
        <price>3.33</price>
        <quantity>4</quantity>
        <extended>13.32</extended>
    </items>
    <items number="1409S250">
        <name>G8 Praline Ice Cream</name>
        <price>5.06</price>
        <quantity>1</quantity>
        <extended>5.06</extended>
    </items>
    <items number="2002H063">
        <name>Semi-Cheddar Cheese by JC</name>
        <price>4.26</price>
        <quantity>3</quantity>
        <extended>12.78</extended>
    </items>
    <items number="2002H230">
        <name>Semi-Swiss Cheese by RI</name>
        <price>5.43</price>
        <quantity>4</quantity>
        <extended>21.72</extended>
    </items>
    <items number="2910h129">
        <name>D4 Almond Cereal</name>
        <price>2.89</price>
        <quantity>2</quantity>
        <extended>5.78</extended>
    </items>
    <total>156.63</total>
    <HST>20.3619</HST>
    <grandTotal>176.9919</grandTotal>
</procurementBean>
